symbolOfGene,geneNcbiID,geneNcbiType,diseaseUMLSCUI,diseaseName,diseaseType,disease_inheritance,disease_prevalence_class,disease_prevalence_geo_area,disease_prevalence_type,assocID,score,normalized_score,ei,el,numPMIDs,yearInitial,yearFinal,source
A2M,2,protein-coding,C1565662,Acute Kidney Insufficiency,[disease],,,,,alGFdZ4BHkeZZb257cVc,0.4,0.25806451612903225,1.0,,1,2013,2013,DisGeNET
A2M,2,protein-coding,C2609414,Acute kidney injury,[disease],,,,,N1KndZ4BHkeZZb25oeDP,0.4,0.25806451612903225,1.0,,1,2013,2013,DisGeNET
A2M,2,protein-coding,C0002395,Alzheimer's Disease,[disease],,,,,s3g5e54BHkeZZb25kkM-,0.85,0.5483870967741935,0.6842105263157895,,76,1991,2023,DisGeNET
A2M,2,protein-coding,C5203670,COVID-19 Virus Disease,[disease],,,,,JlTZdZ4BHkeZZb25LEtb,0.55,0.3548387096774194,1.0,,1,2020,2020,DisGeNET
A2M,2,protein-coding,C0009375,Colonic Neoplasms,[disease],,,,,53hae54BHkeZZb25-p-3,0.4,0.25806451612903225,1.0,,1,2004,2004,DisGeNET
A2M,2,protein-coding,C0011581,Depressive disorder,[disease],,,,,ox40e54BZ4eu0iZe7ezB,0.6,0.3870967741935484,0.75,,4,1976,2018,DisGeNET
A2M,2,protein-coding,C0206669,Hepatocellular Adenoma,[disease],,,,,OLNGeJ4Bu8jCkiVmZvjc,0.45,0.2903225806451613,1.0,,1,2004,2004,DisGeNET
A2M,2,protein-coding,C0019202,Hepatolenticular Degeneration,[disease],Autosomal recessive,"1-9 / 100 000,1-9 / 100 000,1-9 / 100 000,1-9 / 100 000,1-9 / 1 000 000,1-5 / 10 000,1-5 / 10 000,1-5 / 10 000,1-5 / 10 000,1-9 / 100 000,1-9 / 100 000,1-9 / 1 000 000,1-9 / 1 000 000","Worldwide,Europe,Worldwide,France,Italy,Japan,China,Specific population,Specific population,Ireland,Germany,Finland,Finland","Prevalence at birth,Point prevalence,Point prevalence,Point prevalence,Prevalence at birth,Prevalence at birth,Point prevalence,Prevalence at birth,Point prevalence,Prevalence at birth,Prevalence at birth,Annual incidence,Point prevalence",gnAMep4BHkeZZb25Tu_Y,0.4,0.25806451612903225,1.0,,1,2013,2013,DisGeNET
A2M,2,protein-coding,C0021368,Inflammation,[phenotype],,,,,7261eZ4BHkeZZb25nZyk,0.5,0.3225806451612903,0.8571428571428571,,14,1984,2026,DisGeNET
A2M,2,protein-coding,C0022660,"Kidney Failure, Acute",[disease],,,,,bOCzep4Bu8jCkiVmcVo4,0.5,0.3225806451612903,1.0,,2,1987,2013,DisGeNET
A2M,2,protein-coding,C0023890,Liver Cirrhosis,[disease],,,,,YnEkep4BHkeZZb25wKyC,0.5,0.3225806451612903,1.0,,1,2016,2016,DisGeNET
A2M,2,protein-coding,C2239176,Liver carcinoma,[disease],Not applicable,"1-9 / 100 000,1-5 / 10 000,1-9 / 100 000,1-9 / 100 000,1-9 / 100 000,1-9 / 100 000,1-9 / 100 000,1-5 / 10 000,1-9 / 100 000,1-9 / 100 000,1-5 / 10 000,1-5 / 10 000,1-5 / 10 000,1-5 / 10 000,6-9 / 10 000,1-5 / 10 000,1-9 / 100 000,1-9 / 100 000,1-9 / 100 000,1-9 / 100 000,1-9 / 100 000,1-9 / 100 000,1-9 / 100 000,1-9 / 100 000,1-9 / 100 000,1-9 / 100 000,1-9 / 100 000,1-9 / 100 000,1-9 / 100 000,1-9 / 1 000 000,1-9 / 100 000,1-9 / 100 000,1-9 / 100 000,1-9 / 100 000","United States,Europe,France,United Kingdom,Germany,Spain,Italy,Greece,Canada,Oceania,Latin America,China,Japan,Korea, Republic of,Mongolia,Africa,Europe,Austria,Belgium,Bulgaria,Croatia,Czech Republic,Estonia,Finland,Iceland,Ireland,Latvia,Lithuania,Norway,Poland,Portugal,Slovakia,Switzerland,Netherlands","Annual incidence,Point prevalence,Annual incidence,Annual incidence,Annual incidence,Annual incidence,Annual incidence,Annual incidence,Annual incidence,Annual incidence,Annual incidence,Annual incidence,Annual incidence,Annual incidence,Annual incidence,Annual incidence,Annual incidence,Annual incidence,Annual incidence,Annual incidence,Annual incidence,Annual incidence,Annual incidence,Annual incidence,Annual incidence,Annual incidence,Annual incidence,Annual incidence,Annual incidence,Annual incidence,Annual incidence,Annual incidence,Annual incidence,Annual incidence",iACadp4BZ4eu0iZePAYc,0.65,0.41935483870967744,0.6666666666666666,,3,1991,2004,DisGeNET
A2M,2,protein-coding,C0600260,"Lung Diseases, Obstructive",[disease],,,,,LQRNd54BZ4eu0iZeb8i5,0.45,0.2903225806451613,1.0,,1,1989,1989,DisGeNET
A2M,2,protein-coding,C0024121,Lung Neoplasms,[disease],,,,,stx6ep4Bu8jCkiVmu05W,0.4,0.25806451612903225,1.0,,2,2007,2009,DisGeNET
A2M,2,protein-coding,C0024115,Lung diseases,[disease],,,,,UBpwep4BZ4eu0iZecBR-,0.5,0.3225806451612903,1.0,,1,1989,1989,DisGeNET
A2M,2,protein-coding,C0011570,Mental Depression,[disease],,,,,1nftep4BHkeZZb25cAda,0.6,0.3870967741935484,0.75,,4,1976,2018,DisGeNET
A2M,2,protein-coding,C0026769,Multiple Sclerosis,[disease],,,,,BxJReZ4BZ4eu0iZe7SqL,0.65,0.41935483870967744,0.6666666666666666,,3,2000,2004,DisGeNET
A2M,2,protein-coding,C0027726,Nephrotic Syndrome,[disease],,,,,jRclep4BZ4eu0iZeMfsz,0.65,0.41935483870967744,0.75,,4,1977,2001,DisGeNET
A2M,2,protein-coding,C0030567,Parkinson Disease,[disease],,,,,VxlQep4BZ4eu0iZe5jbR,0.6,0.3870967741935484,0.7777777777777778,,9,2000,2023,DisGeNET
A2ML1,144568,protein-coding,C0028326,Noonan Syndrome,[disease],"Autosomal dominant,Autosomal recessive","6-9 / 10 000,1-5 / 10 000","United States,Worldwide","Prevalence at birth,Point prevalence",p2nteJ4BHkeZZb25QB84,0.75,0.48387096774193544,0.7142857142857143,Supportive,7,1993,2021,DisGeNET
A2ML1,144568,protein-coding,C4551602,Noonan Syndrome 1,[disease],,,,,P4W9dZ4Bu8jCkiVm6sKS,0.4,0.25806451612903225,1.0,,2,1993,2010,DisGeNET
A2ML1,144568,protein-coding,C1843181,Noonan syndrome-like disorder with loose anagen hair,[disease],Autosomal dominant,<1 / 1 000 000,Worldwide,Point prevalence,O_ibdZ4BZ4eu0iZetvdH,0.4,0.25806451612903225,,No Known Disease Relationship,0,,,DisGeNET
A2ML1,144568,protein-coding,C1833692,"OTITIS MEDIA, SUSCEPTIBILITY TO",[phenotype],,,,,OVdSdp4BHkeZZb25P3y2,0.4,0.25806451612903225,1.0,,2,2016,2019,DisGeNET
A2ML1,144568,protein-coding,C0029882,Otitis Media,[disease],,,,,P9HreZ4Bu8jCkiVmh9JF,0.65,0.41935483870967744,1.0,,7,2015,2023,DisGeNET
AAAS,8086,protein-coding,C0034935,Babinski Reflex,[phenotype],,,,,Q87DeZ4Bu8jCkiVmf_OH,0.45,0.2903225806451613,,,0,,,DisGeNET
AAAS,8086,protein-coding,C0014848,Esophageal Achalasia,[disease],,,,,y92Mep4Bu8jCkiVmFXNl,0.9,0.5806451612903226,0.8571428571428571,,14,2003,2024,DisGeNET
AAAS,8086,protein-coding,C0271742,Glucocorticoid deficiency with achalasia,[disease],Autosomal recessive,<1 / 1 000 000,Worldwide,Point prevalence,tw_4eJ4BZ4eu0iZe685k,1.05,0.6774193548387097,0.9459459459459459,Definitive,111,1970,2026,DisGeNET
AAAS,8086,protein-coding,C0151889,Hyperreflexia,[phenotype],,,,,grd8eJ4Bu8jCkiVmhpIr,0.45,0.2903225806451613,,,0,,,DisGeNET
AAAS,8086,protein-coding,C4551563,Microcephaly (physical finding),[phenotype],,,,,g1OtdZ4BHkeZZb25jgMt,0.45,0.2903225806451613,,,0,,,DisGeNET
AAAS,8086,protein-coding,C0033578,Prostatic Neoplasms,[disease],,,,,a8deeZ4Bu8jCkiVm18E8,0.4,0.25806451612903225,1.0,,1,2014,2014,DisGeNET
ABCA1,19,protein-coding,C0002395,Alzheimer's Disease,[disease],,,,,fHg5e54BHkeZZb25kkM-,0.85,0.5483870967741935,0.8875,,80,2003,2026,DisGeNET
ABCA1,19,protein-coding,C0342898,Apolipoprotein A-I deficiency,[disease],Autosomal dominant,"<1 / 1 000 000,<1 / 1 000 000","Worldwide,Europe","Point prevalence,Point prevalence",jAjLd54BZ4eu0iZe3CWU,0.85,0.5483870967741935,0.9047619047619048,,21,1999,2018,DisGeNET
ABCA1,19,protein-coding,C0004153,Atherosclerosis,[disease],,,,,ah-De54BZ4eu0iZendwR,1.0,0.6451612903225806,0.9642857142857143,,168,2000,2026,DisGeNET
ABCA1,19,protein-coding,C0678222,Breast Carcinoma,[disease],,,,,9AtUeJ4BZ4eu0iZeNVBG,0.6,0.3870967741935484,0.8888888888888888,,9,2009,2025,DisGeNET
ABCA1,19,protein-coding,C0009402,Colorectal Carcinoma,[disease],,,,,8CDUe54BZ4eu0iZeBtuD,0.6,0.3870967741935484,1.0,,7,2014,2024,DisGeNET
ABCA1,19,protein-coding,C0010054,Coronary Arteriosclerosis,[disease],,,,,hyMxfZ4BZ4eu0iZe5clv,0.85,0.5483870967741935,0.9183673469387755,,49,2000,2025,DisGeNET
ABCA1,19,protein-coding,C0010068,Coronary heart disease,[disease],,,,,pH1DfZ4BHkeZZb257D1M,0.75,0.48387096774193544,0.85,,20,2000,2019,DisGeNET
ABCA1,19,protein-coding,C0151691,Decreased HDL cholesterol,[phenotype],,,,,cwtbeJ4BZ4eu0iZeYn2e,0.65,0.41935483870967744,1.0,,69,2000,2025,DisGeNET
ABCA1,19,protein-coding,C0011860,"Diabetes Mellitus, Non-Insulin-Dependent",[disease],,,,,-338fJ4BHkeZZb25hSGH,0.9,0.5806451612903226,0.9411764705882353,,34,2007,2024,DisGeNET
ABCA1,19,protein-coding,C5231558,"HYPOALPHALIPOPROTEINEMIA, PRIMARY, 1",[disease],,,,,mVc9dp4BHkeZZb25kgM_,0.75,0.48387096774193544,1.0,Definitive,34,1995,2023,DisGeNET
ABCA1,19,protein-coding,C0020443,Hypercholesterolemia,[disease],,,,,63Nrep4BHkeZZb25v7id,0.95,0.6129032258064515,0.9411764705882353,,17,2007,2025,DisGeNET
ABCA1,19,protein-coding,C0020445,"Hypercholesterolemia, Familial",[disease],,,,,j9x7ep4Bu8jCkiVmb2gM,0.65,0.41935483870967744,0.8571428571428571,,7,2003,2024,DisGeNET
ABCA1,19,protein-coding,C0745103,Hyperlipoproteinemia Type IIa,[disease],,,,,7QROd54BZ4eu0iZe7eZJ,0.6,0.3870967741935484,0.9285714285714286,,14,2004,2024,DisGeNET
ABCA1,19,protein-coding,C1704429,"Hypoalphalipoproteinemia, Familial",[disease],,,,,AosOdp4Bu8jCkiVmy7Ls,0.75,0.48387096774193544,0.9333333333333333,,45,2000,2024,DisGeNET
ABCA1,19,protein-coding,C0473527,Hypoalphalipoproteinemias,[disease],,,,,8F96d54BHkeZZb25rpUG,0.9,0.5806451612903226,1.0,,12,2003,2022,DisGeNET
ABCA1,19,protein-coding,C0151744,Myocardial Ischemia,[disease],,,,,qWRMeJ4BHkeZZb25_-sr,0.65,0.41935483870967744,0.6,,5,2000,2010,DisGeNET
ABCA1,19,protein-coding,C0028754,Obesity,[disease],,,,,J8EHeZ4Bu8jCkiVmPY_f,0.9,0.5806451612903226,0.8076923076923077,,26,2007,2026,DisGeNET
ABCA1,19,protein-coding,C0031117,Peripheral Neuropathy,[disease],,,,,gg_teJ4BZ4eu0iZeP3mM,0.65,0.41935483870967744,1.0,,3,2011,2023,DisGeNET
ABCA1,19,protein-coding,C0036341,Schizophrenia,[disease],,,,,1hEoeZ4BZ4eu0iZeghSx,0.6,0.3870967741935484,1.0,,2,2011,2020,DisGeNET
ABCA1,19,protein-coding,C0039292,Tangier Disease,[disease],Autosomal recessive,<1 / 1 000 000,Worldwide,Point prevalence,IGfAeJ4BHkeZZb25luw9,1.2,0.7741935483870968,0.9664804469273743,Definitive,179,1985,2025,DisGeNET
ABCA12,26154,protein-coding,C1274215,Autosomal recessive ichthyosis (disorder),[disease],Autosomal recessive,"1-9 / 1 000 000,1-9 / 100 000","Europe,Norway","Point prevalence,Annual incidence",BqeNd54Bu8jCkiVmzh9-,0.75,0.48387096774193544,1.0,Strong,17,2009,2024,DisGeNET
ABCA12,26154,protein-coding,C0079154,Congenital Nonbullous Ichthyosiform Erythroderma,[disease],Autosomal recessive,"1-9 / 1 000 000,1-9 / 1 000 000","Spain,Europe","Point prevalence,Point prevalence",AWaIeJ4BHkeZZb25a4I8,0.85,0.5483870967741935,0.9473684210526315,Supportive,19,2002,2025,DisGeNET
ABCA12,26154,protein-coding,C0020758,Congenital ichthyosis,[disease],,,,,VMlteZ4Bu8jCkiVmvQPd,0.75,0.48387096774193544,1.0,,22,1993,2025,DisGeNET
ABCA12,26154,protein-coding,C0239849,Harlequin Fetus,[disease],Autosomal recessive,,,,FbzCeJ4Bu8jCkiVmLYOv,0.9,0.5806451612903226,1.0,,58,1993,2026,DisGeNET
ABCA12,26154,protein-coding,C0598226,Harlequin type ichthyosis,[disease],,,,,D2Lwd54BHkeZZb25bJew,0.75,0.48387096774193544,1.0,Definitive,17,1993,2022,DisGeNET
ABCA12,26154,protein-coding,C0020757,Ichthyoses,[disease],,,,,g8lteZ4Bu8jCkiVmvQLd,0.8,0.5161290322580645,1.0,,13,2011,2026,DisGeNET
ABCA12,26154,protein-coding,C5848247,Lamellar ichthyosis (disorder),[disease],"Autosomal dominant,Autosomal recessive","1-9 / 1 000 000,1-9 / 1 000 000,1-9 / 100 000","Europe,Spain,Norway","Point prevalence,Point prevalence,Point prevalence",gv9xdp4BZ4eu0iZe5Tc9,1.1,0.7096774193548387,0.975,Supportive,40,1993,2025,DisGeNET
ABCA12,26154,protein-coding,C1832550,"Lamellar ichthyosis, type 2",[disease],,,,,Yv5mdp4BZ4eu0iZeiN9l,0.9,0.5806451612903226,1.0,Strong,22,1993,2023,DisGeNET
ABCA13,154664,protein-coding,C0005586,Bipolar Disorder,[disease],,,,,XPc1fJ4Bu8jCkiVmgNnF,0.6,0.3870967741935484,1.0,,2,2009,2021,DisGeNET
ABCA13,154664,protein-coding,C0036341,Schizophrenia,[disease],,,,,VBEoeZ4BZ4eu0iZeghSx,0.7,0.4516129032258064,1.0,Limited,5,2009,2021,DisGeNET
ABCB4,5244,protein-coding,C0023892,Biliary cirrhosis,[disease],,,,,UxlEep4BZ4eu0iZexgbW,0.75,0.48387096774193544,1.0,,7,2003,2019,DisGeNET
ABCB4,5244,protein-coding,C3554241,"CHOLESTASIS, INTRAHEPATIC, OF PREGNANCY 3",[disease],,,,,ZpjGdp4Bu8jCkiVmBtgo,0.7,0.4516129032258064,1.0,Strong,25,1996,2024,DisGeNET
ABCB4,5244,protein-coding,C0008311,Cholangitis,[disease],,,,,2nSVep4BHkeZZb25x_N6,0.7,0.4516129032258064,1.0,,4,1996,2025,DisGeNET
ABCB4,5244,protein-coding,C0008313,"Cholangitis, Sclerosing",[disease],,,,,XBy5ep4BZ4eu0iZe_B0G,0.75,0.48387096774193544,1.0,,9,2004,2024,DisGeNET
ABCB4,5244,protein-coding,C0947622,Cholecystolithiasis,[disease],,,,,uqeMd54Bu8jCkiVmvQ8I,0.45,0.2903225806451613,0.9230769230769231,,13,2002,2021,DisGeNET
ABCB4,5244,protein-coding,C0008350,Cholelithiasis,[disease],,,,,xOCyep4Bu8jCkiVmLkWu,0.6,0.3870967741935484,0.9411764705882353,,34,2002,2024,DisGeNET
ABCB4,5244,protein-coding,C0008370,Cholestasis,[disease],,,,,JXW3ep4BHkeZZb25eP62,0.95,0.6129032258064515,1.0,,37,2001,2026,DisGeNET
ABCB4,5244,protein-coding,C0268318,Cholestasis of pregnancy,[disease],"Multigenic/multifactorial,Not applicable",,,,0LI5eJ4Bu8jCkiVmtcHD,0.9,0.5806451612903226,0.9545454545454546,,44,2000,2025,DisGeNET
ABCB4,5244,protein-coding,C4551898,"Cholestasis, progressive familial intrahepatic 1",[disease],Autosomal recessive,,,,qVTbdZ4BHkeZZb251VHG,0.9,0.5806451612903226,1.0,,33,1993,2025,DisGeNET
ABCB4,5244,protein-coding,C1865643,"Cholestasis, progressive familial intrahepatic 3",[disease],Autosomal recessive,,,,Yfm-dZ4BZ4eu0iZepu8O,1.05,0.6774193548387097,1.0,Definitive,129,1993,2026,DisGeNET
ABCB4,5244,protein-coding,C0745744,End Stage Liver Disease,[disease],,,,,mV04d54BHkeZZb25NKaa,0.65,0.41935483870967744,1.0,,3,2011,2022,DisGeNET
ABCB4,5244,protein-coding,C0021368,Inflammation,[phenotype],,,,,hHDzeZ4BHkeZZb259GAt,0.65,0.41935483870967744,1.0,,6,1998,2025,DisGeNET
ABCB4,5244,protein-coding,C0008372,Intrahepatic Cholestasis,[disease],,,,,TXW3ep4BHkeZZb25eP-3,0.8,0.5161290322580645,1.0,,13,1993,2022,DisGeNET
ABCB4,5244,protein-coding,C0023890,Liver Cirrhosis,[disease],,,,,h3Ekep4BHkeZZb25wK-C,0.9,0.5806451612903226,0.9565217391304348,,23,1995,2024,DisGeNET
ABCB4,5244,protein-coding,C2239176,Liver carcinoma,[disease],Not applicable,"1-9 / 100 000,1-5 / 10 000,1-9 / 100 000,1-9 / 100 000,1-9 / 100 000,1-9 / 100 000,1-9 / 100 000,1-5 / 10 000,1-9 / 100 000,1-9 / 100 000,1-5 / 10 000,1-5 / 10 000,1-5 / 10 000,1-5 / 10 000,6-9 / 10 000,1-5 / 10 000,1-9 / 100 000,1-9 / 100 000,1-9 / 100 000,1-9 / 100 000,1-9 / 100 000,1-9 / 100 000,1-9 / 100 000,1-9 / 100 000,1-9 / 100 000,1-9 / 100 000,1-9 / 100 000,1-9 / 100 000,1-9 / 100 000,1-9 / 1 000 000,1-9 / 100 000,1-9 / 100 000,1-9 / 100 000,1-9 / 100 000","United States,Europe,France,United Kingdom,Germany,Spain,Italy,Greece,Canada,Oceania,Latin America,China,Japan,Korea, Republic of,Mongolia,Africa,Europe,Austria,Belgium,Bulgaria,Croatia,Czech Republic,Estonia,Finland,Iceland,Ireland,Latvia,Lithuania,Norway,Poland,Portugal,Slovakia,Switzerland,Netherlands","Annual incidence,Point prevalence,Annual incidence,Annual incidence,Annual incidence,Annual incidence,Annual incidence,Annual incidence,Annual incidence,Annual incidence,Annual incidence,Annual incidence,Annual incidence,Annual incidence,Annual incidence,Annual incidence,Annual incidence,Annual incidence,Annual incidence,Annual incidence,Annual incidence,Annual incidence,Annual incidence,Annual incidence,Annual incidence,Annual incidence,Annual incidence,Annual incidence,Annual incidence,Annual incidence,Annual incidence,Annual incidence,Annual incidence,Annual incidence",3AHcdp4BZ4eu0iZezug5,0.95,0.6129032258064515,0.875,,16,1987,2022,DisGeNET
ABCB4,5244,protein-coding,C0023895,Liver diseases,[disease],,,,,mHI2ep4BHkeZZb25kktF,0.85,0.5483870967741935,1.0,,24,1996,2026,DisGeNET
ABCB4,5244,protein-coding,C2609268,Low phospholipid-associated cholelithiasis,[disease],"Autosomal dominant,Autosomal recessive",,,,3VKndZ4BHkeZZb25od7P,1.1,0.7096774193548387,1.0,Definitive,69,1998,2025,DisGeNET
ABCB4,5244,protein-coding,C0400966,Non-alcoholic Fatty Liver Disease,[disease],,,,,5bVbeJ4Bu8jCkiVmRE3c,0.65,0.41935483870967744,0.0,,2,2010,2020,DisGeNET
ABCB4,5244,protein-coding,C0030305,Pancreatitis,[disease],,,,,WXETep4BHkeZZb25ARTS,0.45,0.2903225806451613,,Limited,0,,,DisGeNET
ABCB4,5244,protein-coding,C0008312,Primary Biliary Cholangitis,[disease],"Multigenic/multifactorial,Unknown","1-9 / 100 000,1-5 / 10 000,1-9 / 100 000,1-5 / 10 000,1-9 / 1 000 000,1-9 / 100 000,1-5 / 10 000,1-9 / 100 000,1-5 / 10 000,1-9 / 100 000,1-5 / 10 000,1-9 / 100 000,1-5 / 10 000,1-9 / 100 000,1-5 / 10 000,1-5 / 10 000,1-9 / 100 000,1-5 / 10 000,1-9 / 100 000,1-5 / 10 000,1-9 / 100 000,1-9 / 100 000,1-9 / 100 000,1-9 / 100 000,1-9 / 100 000,1-5 / 10 000,1-9 / 100 000,1-9 / 100 000","Europe,Worldwide,Worldwide,Europe,France,Spain,Spain,Iceland,Iceland,Netherlands,Netherlands,Denmark,Denmark,Finland,Finland,United Kingdom,United States,United States,Canada,Canada,Australia,Israel,China,Brunei Darussalam,Brunei Darussalam,Greece,Greece,United Kingdom","Annual incidence,Point prevalence,Annual incidence,Point prevalence,Annual incidence,Annual incidence,Point prevalence,Annual incidence,Point prevalence,Annual incidence,Point prevalence,Annual incidence,Point prevalence,Annual incidence,Point prevalence,Point prevalence,Annual incidence,Point prevalence,Annual incidence,Point prevalence,Point prevalence,Point prevalence,Point prevalence,Annual incidence,Point prevalence,Point prevalence,Annual incidence,Annual incidence",aBy5ep4BZ4eu0iZe_BsG,0.7,0.4516129032258064,0.8,,10,1997,2022,DisGeNET
ABCB4,5244,protein-coding,C0566602,Primary sclerosing cholangitis,[disease],Multigenic/multifactorial,"1-9 / 1 000 000,1-9 / 100 000,1-9 / 100 000,1-9 / 1 000 000,1-9 / 100 000,1-9 / 100 000,1-9 / 100 000,1-5 / 10 000,1-9 / 1 000 000,1-9 / 100 000,1-9 / 1 000 000,<1 / 1 000 000,1-9 / 1 000 000,1-9 / 100 000","Europe,Europe,Worldwide,Worldwide,Norway,Norway,Sweden,Sweden,Netherlands,Netherlands,Canada,Spain,Spain,Singapore","Annual incidence,Point prevalence,Point prevalence,Annual incidence,Annual incidence,Point prevalence,Annual incidence,Point prevalence,Annual incidence,Point prevalence,Annual incidence,Annual incidence,Point prevalence,Point prevalence",8p0Nd54Bu8jCkiVm6u5l,0.4,0.25806451612903225,0.9629629629629629,,27,2004,2025,DisGeNET
ABCB4,5244,protein-coding,C0268312,Progressive intrahepatic cholestasis (disorder),[disease],Autosomal recessive,,,,9WMdeJ4BHkeZZb25wbsP,0.75,0.48387096774193544,1.0,,88,1998,2025,DisGeNET
ABCB5,340273,protein-coding,C0009402,Colorectal Carcinoma,[disease],,,,,vHsQfJ4BHkeZZb25ZWcu,0.65,0.41935483870967744,1.0,,2,2011,2018,DisGeNET
ABCB5,340273,protein-coding,C0025202,melanoma,[disease],,,,,MdYoep4Bu8jCkiVm83k4,0.75,0.48387096774193544,0.9722222222222222,,36,2004,2026,DisGeNET
ABCB7,22,protein-coding,C1845028,"ANEMIA, SIDEROBLASTIC, AND SPINOCEREBELLAR ATAXIA",[disease],X-linked recessive,<1 / 1 000 000,Worldwide,Point prevalence,oFKNdZ4BHkeZZb25jA-H,1.0,0.6451612903225806,1.0,Definitive,18,1985,2021,DisGeNET
ABCB7,22,protein-coding,C0004134,Ataxia,[phenotype],,,,,0-pWe54Bu8jCkiVml-lA,0.65,0.41935483870967744,1.0,,6,2001,2021,DisGeNET
ABCB7,22,protein-coding,C0014544,Epilepsy,[disease],,,,,Sdpnep4Bu8jCkiVmefY2,0.45,0.2903225806451613,,,0,,,DisGeNET
ABCB7,22,protein-coding,C0751651,Mitochondrial Diseases,[disease],,,,,bAaZd54BZ4eu0iZeQOds,0.55,0.3548387096774194,1.0,Moderate,11,1985,2021,DisGeNET
ABCB7,22,protein-coding,C0002896,Sideroblastic anemia,[disease],"Autosomal dominant,Autosomal recessive,Mitochondrial inheritance,Not applicable,X-linked dominant,X-linked recessive",,,,2CEdfJ4BZ4eu0iZev-Uw,0.75,0.48387096774193544,1.0,,8,2001,2024,DisGeNET
ABCC11,85320,protein-coding,C0023530,Leukopenia,[disease],,,,,nNQSep4Bu8jCkiVmnb3v,0.5,0.3225806451612903,1.0,,2,2013,2017,DisGeNET
ABCC2,1244,protein-coding,C0023449,Acute lymphocytic leukemia,[disease],,,,,0MuPeZ4Bu8jCkiVmW3Ah,0.65,0.41935483870967744,1.0,,6,2005,2023,DisGeNET
ABCC2,1244,protein-coding,C0008370,Cholestasis,[disease],,,,,BXW3ep4BHkeZZb25eP22,0.8,0.5161290322580645,1.0,,29,1998,2023,DisGeNET
ABCC2,1244,protein-coding,C0020433,Hyperbilirubinemia,[disease],,,,,4XNrep4BHkeZZb25v7Wc,0.85,0.5483870967741935,0.9444444444444444,,18,1996,2026,DisGeNET
ABCC2,1244,protein-coding,C0022350,"Jaundice, Chronic Idiopathic",[disease],Autosomal recessive,,,,-Ruiep4BZ4eu0iZeK20w,1.1,0.7096774193548387,0.98,Strong,100,1978,2026,DisGeNET
ABCC2,1244,protein-coding,C0023530,Leukopenia,[disease],,,,,EtQSep4Bu8jCkiVmnbzu,0.7,0.4516129032258064,0.8461538461538461,,13,2008,2025,DisGeNET
ABCC2,1244,protein-coding,C0235032,Neurotoxicity Syndromes,[disease],,,,,Qa8DeJ4Bu8jCkiVmMCMv,0.7,0.4516129032258064,0.8,,5,2007,2025,DisGeNET
ABCC2,1244,protein-coding,C0007131,Non-Small Cell Lung Carcinoma,[disease],,,,,leLVep4Bu8jCkiVmnbK4,0.85,0.5483870967741935,0.9230769230769231,,13,2007,2026,DisGeNET
ABCC2,1244,protein-coding,C0400966,Non-alcoholic Fatty Liver Disease,[disease],,,,,xgtieJ4BZ4eu0iZedbJc,0.65,0.41935483870967744,1.0,,4,2009,2025,DisGeNET
ABCC2,1244,protein-coding,C0008312,Primary Biliary Cholangitis,[disease],"Multigenic/multifactorial,Unknown","1-9 / 100 000,1-5 / 10 000,1-9 / 100 000,1-5 / 10 000,1-9 / 1 000 000,1-9 / 100 000,1-5 / 10 000,1-9 / 100 000,1-5 / 10 000,1-9 / 100 000,1-5 / 10 000,1-9 / 100 000,1-5 / 10 000,1-9 / 100 000,1-5 / 10 000,1-5 / 10 000,1-9 / 100 000,1-5 / 10 000,1-9 / 100 000,1-5 / 10 000,1-9 / 100 000,1-9 / 100 000,1-9 / 100 000,1-9 / 100 000,1-9 / 100 000,1-5 / 10 000,1-9 / 100 000,1-9 / 100 000","Europe,Worldwide,Worldwide,Europe,France,Spain,Spain,Iceland,Iceland,Netherlands,Netherlands,Denmark,Denmark,Finland,Finland,United Kingdom,United States,United States,Canada,Canada,Australia,Israel,China,Brunei Darussalam,Brunei Darussalam,Greece,Greece,United Kingdom","Annual incidence,Point prevalence,Annual incidence,Point prevalence,Annual incidence,Annual incidence,Point prevalence,Annual incidence,Point prevalence,Annual incidence,Point prevalence,Annual incidence,Point prevalence,Annual incidence,Point prevalence,Point prevalence,Annual incidence,Point prevalence,Annual incidence,Point prevalence,Point prevalence,Point prevalence,Point prevalence,Annual incidence,Point prevalence,Point prevalence,Annual incidence,Annual incidence",yHSVep4BHkeZZb25x_R6,0.65,0.41935483870967744,1.0,,4,2004,2009,DisGeNET
ABCC2,1244,protein-coding,C1168401,Squamous cell carcinoma of the head and neck,[disease],,,,,cVwBd54BHkeZZb25_Rtv,0.7,0.4516129032258064,1.0,,2,2014,2014,DisGeNET
ABCD4,5826,protein-coding,C3553915,"Methylmalonic Aciduria and Homocystinuria, cblJ Type",[disease],Autosomal recessive,<1 / 1 000 000,Worldwide,Point prevalence,cAHRdp4BZ4eu0iZeAnL3,0.7,0.4516129032258064,1.0,Strong,15,1993,2025,DisGeNET
ABCD4,5826,protein-coding,C0042847,Vitamin B 12 Deficiency,[disease],,,,,OG15eZ4BHkeZZb251QOu,0.65,0.41935483870967744,1.0,,4,2012,2024,DisGeNET
ABCG2,9429,protein-coding,C0003868,"Arthritis, Gouty",[disease],,,,,8HbNep4BHkeZZb25SYll,0.65,0.41935483870967744,1.0,,5,2009,2020,DisGeNET
ABCG2,9429,protein-coding,C0011991,Diarrhea,[phenotype],,,,,TiQrfp4BZ4eu0iZeLHTm,0.7,0.4516129032258064,0.6428571428571429,,14,2006,2024,DisGeNET
ABCG2,9429,protein-coding,C0018099,Gout,[disease],,,,,FB3sep4BZ4eu0iZegT9M,1.1,0.7096774193548387,0.9895833333333334,,96,2009,2026,DisGeNET
ABCG2,9429,protein-coding,C0020443,Hypercholesterolemia,[disease],,,,,CNx7ep4Bu8jCkiVmb2gM,0.7,0.4516129032258064,1.0,,5,2011,2022,DisGeNET
ABCG2,9429,protein-coding,C0740394,Hyperuricemia,[disease],,,,,zlwXd54BHkeZZb250LmW,1.05,0.6774193548387097,0.9692307692307692,,65,2009,2025,DisGeNET
ABCG2,9429,protein-coding,C1458155,Mammary Neoplasms,[disease],,,,,NlPCdZ4BHkeZZb25r9BB,0.75,0.48387096774193544,0.8333333333333334,,6,2000,2017,DisGeNET
ABCG2,9429,protein-coding,C0026764,Multiple Myeloma,[disease],Not applicable,"1-9 / 100 000,1-9 / 100 000,1-5 / 10 000,1-9 / 100 000,1-9 / 100 000,1-9 / 100 000,1-9 / 100 000,1-9 / 100 000,1-9 / 100 000","United States,Worldwide,Europe,France,Europe,United States,Iran, Islamic Republic of,Australia,Denmark","Prevalence at birth,Annual incidence,Point prevalence,Annual incidence,Annual incidence,Annual incidence,Annual incidence,Annual incidence,Annual incidence",-WopeZ4BHkeZZb25Mq_A,0.75,0.48387096774193544,0.875,,8,2005,2020,DisGeNET
ABCG2,9429,protein-coding,C0027947,Neutropenia,[disease],,,,,zw_8eJ4BZ4eu0iZeB-dn,0.7,0.4516129032258064,0.5454545454545454,,11,2007,2025,DisGeNET
ABCG2,9429,protein-coding,C0853697,Neutrophil count decreased,[phenotype],,,,,Slq_dp4BHkeZZb25olRs,0.7,0.4516129032258064,0.5454545454545454,,11,2007,2025,DisGeNET
ABCG2,9429,protein-coding,C0279543,Philadelphia chromosome positive chronic myelogenous leukemia,[disease],Not applicable,"1-9 / 100 000,1-9 / 100 000,1-9 / 100 000,1-9 / 100 000,1-9 / 100 000","Europe,France,Europe,Europe,United States","Annual incidence,Annual incidence,Point prevalence,Lifetime Prevalence,Annual incidence",UW_geZ4BHkeZZb25zupN,0.9,0.5806451612903226,0.85,,20,2006,2024,DisGeNET
ABCG2,9429,protein-coding,C0007134,Renal Cell Carcinoma,[disease],Not applicable,"1-5 / 10 000,1-9 / 100 000","Europe,Europe","Point prevalence,Annual incidence",_h-Me54BZ4eu0iZe4eAT,0.7,0.4516129032258064,1.0,,4,2005,2021,DisGeNET
ABCG2,9429,protein-coding,C1168401,Squamous cell carcinoma of the head and neck,[disease],,,,,Blwhd54BHkeZZb25LfKi,0.7,0.4516129032258064,1.0,,6,2008,2020,DisGeNET
ABCG5,64240,protein-coding,C0003850,Arteriosclerosis,[disease],,,,,cOC6ep4Bu8jCkiVmEswr,0.7,0.4516129032258064,0.8571428571428571,,7,2000,2025,DisGeNET
ABCG5,64240,protein-coding,C0004153,Atherosclerosis,[disease],,,,,ZnmHe54BHkeZZb255n2H,0.65,0.41935483870967744,0.8888888888888888,,9,2000,2025,DisGeNET
ABCG5,64240,protein-coding,C0010054,Coronary Arteriosclerosis,[disease],,,,,4wQ0fZ4Bu8jCkiVm_9Mh,0.65,0.41935483870967744,0.8571428571428571,,7,2000,2020,DisGeNET
ABCG5,64240,protein-coding,C0020443,Hypercholesterolemia,[disease],,,,,I9x7ep4Bu8jCkiVmb2cM,1.0,0.6451612903225806,1.0,,14,2004,2026,DisGeNET
ABCG5,64240,protein-coding,C5231453,SITOSTEROLEMIA 2,[disease],,,,,NFc9dp4BHkeZZb25kgM_,0.7,0.4516129032258064,1.0,Definitive,24,1992,2022,DisGeNET
ABCG5,64240,protein-coding,C0342907,Sitosterolemia,[disease],Autosomal recessive,<1 / 1 000 000,Worldwide,Point prevalence,ogjLd54BZ4eu0iZe3CWU,1.1,0.7096774193548387,1.0,Definitive,132,1966,2026,DisGeNET
ABO,28,protein-coding,C0023449,Acute lymphocytic leukemia,[disease],,,,,R8uPeZ4Bu8jCkiVmW3Ii,0.65,0.41935483870967744,1.0,,2,2006,2018,DisGeNET
ABO,28,protein-coding,C0001973,"Alcoholic Intoxication, Chronic",[disease],,,,,uR4pe54BZ4eu0iZe65uH,0.6,0.3870967741935484,0.6666666666666666,,3,1976,1990,DisGeNET
ABO,28,protein-coding,C0004096,Asthma,[disease],,,,,qB9Ee54BZ4eu0iZe_xGZ,0.7,0.4516129032258064,0.6,,5,2005,2022,DisGeNET
ABO,28,protein-coding,C5203670,COVID-19 Virus Disease,[disease],,,,,ifwMdp4BZ4eu0iZeJFm-,0.95,0.6129032258064515,0.975,,40,2020,2026,DisGeNET
ABO,28,protein-coding,C4721610,"Carcinoma, Ovarian Epithelial",[disease],,,,,Vf5Tdp4BZ4eu0iZeSDS7,0.55,0.3548387096774194,1.0,,3,2015,2023,DisGeNET
ABO,28,protein-coding,C0038454,Cerebrovascular accident,[disease],,,,,9A20eJ4BZ4eu0iZee8ZP,0.65,0.41935483870967744,0.8571428571428571,,7,2016,2022,DisGeNET
ABO,28,protein-coding,C0010054,Coronary Arteriosclerosis,[disease],,,,,1iMxfZ4BZ4eu0iZe5cpv,0.8,0.5161290322580645,0.9375,,16,2010,2025,DisGeNET
ABO,28,protein-coding,C0010068,Coronary heart disease,[disease],,,,,QX1DfZ4BHkeZZb257D5N,0.6,0.3870967741935484,1.0,,3,2011,2023,DisGeNET
ABO,28,protein-coding,C0010200,Coughing,[phenotype],,,,,RCRofZ4BZ4eu0iZetQhS,0.6,0.3870967741935484,1.0,,4,2011,2023,DisGeNET
ABO,28,protein-coding,C0013295,Duodenal Ulcer,[disease],,,,,KRcZep4BZ4eu0iZeYLqA,0.65,0.41935483870967744,1.0,,4,2012,2023,DisGeNET
ABO,28,protein-coding,C0018133,Graft-vs-Host Disease,[disease],Not applicable,1-9 / 100 000,Europe,Point prevalence,YB3sep4BZ4eu0iZegUBM,0.65,0.41935483870967744,1.0,,2,1988,2005,DisGeNET
ABO,28,protein-coding,C0020538,Hypertensive disease,[disease],,,,,QXbKep4BHkeZZb256Vga,0.7,0.4516129032258064,1.0,,5,2012,2024,DisGeNET
ABO,28,protein-coding,C0153460,Malignant neoplasm of tail of pancreas,[disease],,,,,YRAUeZ4BZ4eu0iZem2xB,0.5,0.3225806451612903,1.0,,3,2009,2015,DisGeNET
ABO,28,protein-coding,C0525045,Mood Disorders,[disease],,,,,k6rDd54Bu8jCkiVmgeB7,0.6,0.3870967741935484,1.0,,4,1981,1994,DisGeNET
ABO,28,protein-coding,C0151744,Myocardial Ischemia,[disease],,,,,cAxveJ4BZ4eu0iZeAiUR,0.65,0.41935483870967744,1.0,,4,2008,2023,DisGeNET
ABO,28,protein-coding,C1175175,Severe Acute Respiratory Syndrome,[disease],Not applicable,<1 / 1 000 000,Europe,Annual incidence,RFwhd54BHkeZZb25LfOj,0.55,0.3548387096774194,1.0,,1,2005,2005,DisGeNET
ABO,28,protein-coding,C0023418,leukemia,[disease],,,,,3WtQeZ4BHkeZZb250flv,0.65,0.41935483870967744,1.0,,4,2008,2023,DisGeNET
ACACA,31,protein-coding,C0268603,Acetyl-CoA: carboxylase deficiency,[disease],,,,,kGVoeJ4BHkeZZb253Z_o,0.6,0.3870967741935484,1.0,Moderate,4,2000,2023,DisGeNET
ACACA,31,protein-coding,C0009402,Colorectal Carcinoma,[disease],,,,,lfLje54Bu8jCkiVmXeeW,0.65,0.41935483870967744,0.75,,8,2018,2025,DisGeNET
ACACA,31,protein-coding,C0015695,Fatty Liver,[disease],,,,,VuC9ep4Bu8jCkiVmRPfj,0.5,0.3225806451612903,1.0,,13,2006,2025,DisGeNET
ACACA,31,protein-coding,C2239176,Liver carcinoma,[disease],Not applicable,"1-9 / 100 000,1-5 / 10 000,1-9 / 100 000,1-9 / 100 000,1-9 / 100 000,1-9 / 100 000,1-9 / 100 000,1-5 / 10 000,1-9 / 100 000,1-9 / 100 000,1-5 / 10 000,1-5 / 10 000,1-5 / 10 000,1-5 / 10 000,6-9 / 10 000,1-5 / 10 000,1-9 / 100 000,1-9 / 100 000,1-9 / 100 000,1-9 / 100 000,1-9 / 100 000,1-9 / 100 000,1-9 / 100 000,1-9 / 100 000,1-9 / 100 000,1-9 / 100 000,1-9 / 100 000,1-9 / 100 000,1-9 / 100 000,1-9 / 1 000 000,1-9 / 100 000,1-9 / 100 000,1-9 / 100 000,1-9 / 100 000","United States,Europe,France,United Kingdom,Germany,Spain,Italy,Greece,Canada,Oceania,Latin America,China,Japan,Korea, Republic of,Mongolia,Africa,Europe,Austria,Belgium,Bulgaria,Croatia,Czech Republic,Estonia,Finland,Iceland,Ireland,Latvia,Lithuania,Norway,Poland,Portugal,Slovakia,Switzerland,Netherlands","Annual incidence,Point prevalence,Annual incidence,Annual incidence,Annual incidence,Annual incidence,Annual incidence,Annual incidence,Annual incidence,Annual incidence,Annual incidence,Annual incidence,Annual incidence,Annual incidence,Annual incidence,Annual incidence,Annual incidence,Annual incidence,Annual incidence,Annual incidence,Annual incidence,Annual incidence,Annual incidence,Annual incidence,Annual incidence,Annual incidence,Annual incidence,Annual incidence,Annual incidence,Annual incidence,Annual incidence,Annual incidence,Annual incidence,Annual incidence",-lmYdp4BHkeZZb255GtI,0.75,0.48387096774193544,1.0,,15,2011,2026,DisGeNET
ACACA,31,protein-coding,C0028754,Obesity,[disease],,,,,4moUeZ4BHkeZZb25YkPh,0.5,0.3225806451612903,1.0,,20,1979,2025,DisGeNET
ACADM,34,protein-coding,C0006142,Malignant neoplasm of breast,[disease],,,,,4PCwe54Bu8jCkiVm-ANp,0.6,0.3870967741935484,1.0,,2,2019,2024,DisGeNET
ACADM,34,protein-coding,C0220710,Medium-chain acyl-coenzyme A dehydrogenase deficiency,[disease],Autosomal recessive,"1-5 / 10 000,1-9 / 100 000,1-5 / 10 000,1-9 / 100 000,1-9 / 100 000,1-9 / 100 000,1-9 / 1 000 000,1-5 / 10 000,1-9 / 100 000,1-9 / 100 000,1-9 / 100 000,1-9 / 100 000,1-9 / 100 000,1-9 / 1 000 000,1-9 / 100 000","Europe,Portugal,Netherlands,Canada,Australia,Japan,Taiwan, Province of China,Denmark,Greece,Worldwide,Austria,Italy,Israel,Specific population,Czech Republic","Prevalence at birth,Prevalence at birth,Prevalence at birth,Prevalence at birth,Prevalence at birth,Prevalence at birth,Prevalence at birth,Prevalence at birth,Prevalence at birth,Point prevalence,Prevalence at birth,Prevalence at birth,Prevalence at birth,Prevalence at birth,Prevalence at birth",aLqoeJ4Bu8jCkiVm5942,1.2,0.7741935483870968,0.9783783783783784,Definitive,185,1983,2026,DisGeNET
ACADM,34,protein-coding,C0028754,Obesity,[disease],,,,,W2oUeZ4BHkeZZb25YkTh,0.65,0.41935483870967744,1.0,,2,2011,2025,DisGeNET
ACAT1,38,protein-coding,C1536500,Deficiency of acetyl-CoA acetyltransferase,[disease],Autosomal recessive,"1-9 / 1 000 000,1-9 / 1 000 000,1-9 / 1 000 000,1-9 / 1 000 000","Australia,United States,China,Viet Nam","Prevalence at birth,Prevalence at birth,Prevalence at birth,Prevalence at birth",AwIOd54BZ4eu0iZeSvM6,1.0,0.6451612903225806,1.0,Definitive,78,1973,2025,DisGeNET
ACD,65057,protein-coding,C4225284,"DYSKERATOSIS CONGENITA, AUTOSOMAL DOMINANT 6",[disease],,,,,hFmSdp4BHkeZZb25Fw5U,0.7,0.4516129032258064,1.0,Strong,16,2013,2024,DisGeNET
ACD,65057,protein-coding,C1846142,HOYERAAL-HREIDARSSON SYNDROME,[disease],"Autosomal dominant,Autosomal recessive,X-linked recessive",<1 / 1 000 000,Worldwide,Point prevalence,LYKadZ4Bu8jCkiVmIvYn,0.65,0.41935483870967744,1.0,Supportive,3,2014,2023,DisGeNET
ACD,65057,protein-coding,C1512419,Hereditary Melanoma,[disease],"Autosomal dominant,Multigenic/multifactorial",1-9 / 100 000,Europe,Annual incidence,p4r6dZ4Bu8jCkiVmzy8A,0.6,0.3870967741935484,1.0,,3,2015,2021,DisGeNET
ACER3,55331,protein-coding,C4540358,Alkaline ceramidase 3 deficiency,[disease],Autosomal recessive,<1 / 1 000 000,Worldwide,Point prevalence,ePmvdZ4BZ4eu0iZecJyG,0.6,0.3870967741935484,1.0,Strong,4,2016,2021,DisGeNET
ACOXL,55289,protein-coding,C0023434,Chronic Lymphocytic Leukemia,[disease],"Multigenic/multifactorial,Not applicable","1-5 / 10 000,1-9 / 100 000","Europe,France","Point prevalence,Annual incidence",-Wx2eZ4BHkeZZb25nOBx,0.75,0.48387096774193544,1.0,,10,2008,2023,DisGeNET
ACR,49,protein-coding,C0001925,Albuminuria,[phenotype],,,,,y-YMe54Bu8jCkiVmeEdX,0.3,0.1935483870967742,0.75,,4,1995,2022,DisGeNET
ACR,49,protein-coding,C0007222,Cardiovascular Diseases,[disease],,,,,NyHxe54BZ4eu0iZenCB9,0.35,0.2258064516129032,0.5,,2,2012,2019,DisGeNET
ACR,49,protein-coding,C0011849,Diabetes Mellitus,[disease],,,,,QnxTfJ4BHkeZZb251nNh,0.3,0.1935483870967742,1.0,,3,1998,2020,DisGeNET
ACR,49,protein-coding,C0011860,"Diabetes Mellitus, Non-Insulin-Dependent",[disease],,,,,FSRxfZ4BZ4eu0iZe1g0j,0.3,0.1935483870967742,1.0,,3,1995,2020,DisGeNET
ACR,49,protein-coding,C0011881,Diabetic Nephropathy,[disease],,,,,ZQ3ifZ4Bu8jCkiVm6BSp,0.35,0.2258064516129032,1.0,,8,2014,2023,DisGeNET
ACR,49,protein-coding,C0018801,Heart failure,[disease],,,,,mB9He54BZ4eu0iZejhNe,0.3,0.1935483870967742,0.5,,2,2013,2014,DisGeNET
ACR,49,protein-coding,C0020538,Hypertensive disease,[disease],,,,,4-Pdep4Bu8jCkiVmsUtG,0.3,0.1935483870967742,0.6666666666666666,,3,2015,2019,DisGeNET
ACR,49,protein-coding,C5882687,SPERMATOGENIC FAILURE 87,[disease],,,,,Q6ihd54Bu8jCkiVmymVz,0.5,0.3225806451612903,1.0,,1,2023,2023,DisGeNET
ACSL1,2180,protein-coding,C0155626,Acute myocardial infarction,[disease],,,,,0mMNeJ4BHkeZZb25g1UF,0.25,0.16129032258064516,1.0,,9,2017,2025,DisGeNET
ACSL1,2180,protein-coding,C0007097,Carcinoma,[disease],,,,,vnx2fJ4BHkeZZb25TI2y,0.4,0.25806451612903225,1.0,,1,2005,2005,DisGeNET
ACSL1,2180,protein-coding,C4277682,Chemical and Drug Induced Liver Injury,[disease],,,,,clrWdp4BHkeZZb25lucc,0.4,0.25806451612903225,1.0,,1,2015,2015,DisGeNET
ACSL1,2180,protein-coding,C0011849,Diabetes Mellitus,[disease],,,,,0iJIfJ4BZ4eu0iZe25hc,0.3,0.1935483870967742,0.8333333333333334,,6,2012,2024,DisGeNET
ACSL1,2180,protein-coding,C0011860,"Diabetes Mellitus, Non-Insulin-Dependent",[disease],,,,,lH38fJ4BHkeZZb25hSKH,0.35,0.2258064516129032,1.0,,13,2015,2024,DisGeNET
ACSL1,2180,protein-coding,C1368683,Epithelioma,[disease],,,,,Tl0sd54BHkeZZb25H2J8,0.4,0.25806451612903225,1.0,,1,2005,2005,DisGeNET
ACSL1,2180,protein-coding,C4236737,Ferroptosis,[phenotype],,,,,D5jHdp4Bu8jCkiVmxveN,0.35,0.2258064516129032,0.8181818181818182,,11,2016,2026,DisGeNET
ACSL1,2180,protein-coding,C0021655,Insulin Resistance,[phenotype],,,,,etlYep4Bu8jCkiVmKOLq,0.3,0.1935483870967742,1.0,,4,2006,2024,DisGeNET
ACSL1,2180,protein-coding,C0553707,Malignant epithelioma,[disease],,,,,W5vodp4Bu8jCkiVmKRlp,0.4,0.25806451612903225,1.0,,1,2005,2005,DisGeNET
ACSL1,2180,protein-coding,C0028754,Obesity,[disease],,,,,scEHeZ4Bu8jCkiVmPY_f,0.7,0.4516129032258064,1.0,,10,1992,2026,DisGeNET
ACSM3,6296,protein-coding,C0020538,Hypertensive disease,[disease],,,,,oh36ep4BZ4eu0iZeo4zL,0.3,0.1935483870967742,0.7777777777777778,,9,1993,2007,DisGeNET
ACSM3,6296,protein-coding,C0017661,IGA Glomerulonephritis,[disease],,,,,_3W0ep4BHkeZZb25oNYW,0.5,0.3225806451612903,1.0,,1,2002,2002,DisGeNET
ACSM3,6296,protein-coding,C5774194,NEURODEVELOPMENTAL DISORDER WITH SPEECH DELAY AND VARIABLE OCULAR ANOMALIES,[disease],,,,,t4r-dZ4Bu8jCkiVmAKN_,0.4,0.25806451612903225,1.0,,2,2019,2022,DisGeNET
ACSM3,6296,protein-coding,C1535926,Neurodevelopmental Disorders,[disease],,,,,pJvwdp4Bu8jCkiVmC7d9,0.4,0.25806451612903225,,,0,,,DisGeNET
ACSM3,6296,protein-coding,C0033578,Prostatic Neoplasms,[disease],,,,,E8deeZ4Bu8jCkiVm18A8,0.5,0.3225806451612903,1.0,,2,2009,2024,DisGeNET
ACTA2-AS1,100132116,ncRNA,C0856750,Aneurysm of descending aorta (disorder),[disease],,,,,AJvtdp4Bu8jCkiVmHoDl,0.4,0.25806451612903225,,,0,,,DisGeNET
ACTA2-AS1,100132116,ncRNA,C2673186,"Aortic Aneurysm, Familial Thoracic 6",[disease],,,,,91O-dZ4BHkeZZb25vbWl,0.4,0.25806451612903225,1.0,,24,2007,2023,DisGeNET
ACTA2-AS1,100132116,ncRNA,C3279191,Arterial tortuosity,[phenotype],,,,,3VUOdp4BHkeZZb25yqx9,0.4,0.25806451612903225,,,0,,,DisGeNET
ACTA2-AS1,100132116,ncRNA,C4707243,Familial thoracic aortic aneurysm and aortic dissection,[disease],Autosomal dominant,1-9 / 1 000 000,Worldwide,Annual incidence,2IwZdp4Bu8jCkiVmf5uZ,0.4,0.25806451612903225,1.0,,28,2007,2024,DisGeNET
ACTA2-AS1,100132116,ncRNA,C3279690,MOYAMOYA DISEASE 5,[disease],,,,,8f0wdp4BZ4eu0iZeu1XY,0.4,0.25806451612903225,1.0,,2,2007,2009,DisGeNET
ACTA2-AS1,100132116,ncRNA,C3151201,Multisystemic smooth muscle dysfunction syndrome (disorder),[disease],Unknown,<1 / 1 000 000,Worldwide,Point prevalence,K_rLdZ4BZ4eu0iZeKV7Z,0.4,0.25806451612903225,,,0,,,DisGeNET
ACTN3,89,protein-coding,C3888204,ACTN3 DEFICIENCY,[disease],,,,,9_05dp4BZ4eu0iZePJ6o,0.75,0.48387096774193544,0.96,,25,1999,2026,DisGeNET
ACTN3,89,protein-coding,C0020564,Hypertrophy,[phenotype],,,,,8xJXeZ4BZ4eu0iZe2msj,0.2,0.12903225806451613,1.0,,3,2011,2026,DisGeNET
ACTN3,89,protein-coding,C0021655,Insulin Resistance,[phenotype],,,,,CBqDep4BZ4eu0iZeJ6H8,0.2,0.12903225806451613,1.0,,2,2011,2022,DisGeNET
ACTN3,89,protein-coding,C0410158,Muscle damage,[disease],,,,,52aPeJ4BHkeZZb25y8az,0.3,0.1935483870967742,1.0,,12,2012,2026,DisGeNET
ACTN3,89,protein-coding,C0013264,"Muscular Dystrophy, Duchenne",[disease],X-linked recessive,"1-9 / 100 000,1-9 / 100 000,1-5 / 10 000,1-5 / 10 000,1-5 / 10 000,1-9 / 100 000,1-9 / 100 000,1-9 / 100 000,1-9 / 100 000,1-9 / 100 000,1-9 / 100 000,1-9 / 100 000,1-9 / 1 000 000,1-9 / 100 000,1-9 / 100 000","Worldwide,United Kingdom,United States,Netherlands,Canada,United Kingdom,Ireland,Italy,Ireland,Worldwide,Egypt,Japan,South Africa,Denmark,Puerto rico","Prevalence at birth,Point prevalence,Prevalence at birth,Prevalence at birth,Prevalence at birth,Prevalence at birth,Prevalence at birth,Point prevalence,Point prevalence,Point prevalence,Lifetime Prevalence,Point prevalence,Point prevalence,Point prevalence,Point prevalence",jhcZep4BZ4eu0iZeYLeA,0.25,0.16129032258064516,0.8,,5,2014,2020,DisGeNET
ACTN3,89,protein-coding,C0028754,Obesity,[disease],,,,,MBJteZ4BZ4eu0iZeR_md,0.25,0.16129032258064516,0.6666666666666666,,3,2017,2021,DisGeNET
ACTN3,89,protein-coding,C0497406,Overweight,[phenotype],,,,,CqE6d54Bu8jCkiVmpTOo,0.2,0.12903225806451613,0.5,,2,2019,2026,DisGeNET
ACTN3,89,protein-coding,C3888203,SPRINTING PERFORMANCE,[phenotype],,,,,9f05dp4BZ4eu0iZePJ6o,0.4,0.25806451612903225,1.0,,9,1999,2008,DisGeNET
ACTN3,89,protein-coding,C0872084,Sarcopenia,[disease],,,,,ul0nd54BHkeZZb25qyr7,0.25,0.16129032258064516,0.6666666666666666,,9,2012,2024,DisGeNET
ACTN3,89,protein-coding,C3263722,Traumatic AND/OR non-traumatic injury,[disease],,,,,hYnzdZ4Bu8jCkiVmorIW,0.2,0.12903225806451613,0.8333333333333334,,6,2019,2026,DisGeNET
ACTN3,89,protein-coding,C0410256,muscle injury,[disease],,,,,Iw2weJ4BZ4eu0iZeOL86,0.2,0.12903225806451613,1.0,,9,2019,2026,DisGeNET
ACVR2B-AS1,100128640,ncRNA,C3151057,"HETEROTAXY, VISCERAL, 4, AUTOSOMAL",[disease],,,,,e_rLdZ4BZ4eu0iZeKV3Z,0.4,0.25806451612903225,,,0,,,DisGeNET
ACY3,91703,protein-coding,C0019196,Hepatitis C,[disease],,,,,9XAMep4BHkeZZb25Tu7Y,0.2,0.12903225806451613,1.0,,3,2005,2013,DisGeNET
ACY3,91703,protein-coding,C2239176,Liver carcinoma,[disease],Not applicable,"1-9 / 100 000,1-5 / 10 000,1-9 / 100 000,1-9 / 100 000,1-9 / 100 000,1-9 / 100 000,1-9 / 100 000,1-5 / 10 000,1-9 / 100 000,1-9 / 100 000,1-5 / 10 000,1-5 / 10 000,1-5 / 10 000,1-5 / 10 000,6-9 / 10 000,1-5 / 10 000,1-9 / 100 000,1-9 / 100 000,1-9 / 100 000,1-9 / 100 000,1-9 / 100 000,1-9 / 100 000,1-9 / 100 000,1-9 / 100 000,1-9 / 100 000,1-9 / 100 000,1-9 / 100 000,1-9 / 100 000,1-9 / 100 000,1-9 / 1 000 000,1-9 / 100 000,1-9 / 100 000,1-9 / 100 000,1-9 / 100 000","United States,Europe,France,United Kingdom,Germany,Spain,Italy,Greece,Canada,Oceania,Latin America,China,Japan,Korea, Republic of,Mongolia,Africa,Europe,Austria,Belgium,Bulgaria,Croatia,Czech Republic,Estonia,Finland,Iceland,Ireland,Latvia,Lithuania,Norway,Poland,Portugal,Slovakia,Switzerland,Netherlands","Annual incidence,Point prevalence,Annual incidence,Annual incidence,Annual incidence,Annual incidence,Annual incidence,Annual incidence,Annual incidence,Annual incidence,Annual incidence,Annual incidence,Annual incidence,Annual incidence,Annual incidence,Annual incidence,Annual incidence,Annual incidence,Annual incidence,Annual incidence,Annual incidence,Annual incidence,Annual incidence,Annual incidence,Annual incidence,Annual incidence,Annual incidence,Annual incidence,Annual incidence,Annual incidence,Annual incidence,Annual incidence,Annual incidence,Annual incidence",_AMUd54BZ4eu0iZe_Rcl,0.2,0.12903225806451613,1.0,,4,2007,2020,DisGeNET
ADAM18,8749,protein-coding,C0002395,Alzheimer's Disease,[disease],,,,,pSDMe54BZ4eu0iZe5dmI,0.2,0.12903225806451613,1.0,,2,2000,2007,DisGeNET
ADAM18,8749,protein-coding,C0004096,Asthma,[disease],,,,,l3hCe54BHkeZZb25NHxW,0.2,0.12903225806451613,1.0,,2,2006,2007,DisGeNET
ADAM18,8749,protein-coding,C0678222,Breast Carcinoma,[disease],,,,,E3AMep4BHkeZZb25OOgT,0.25,0.16129032258064516,0.8,,5,2005,2024,DisGeNET
ADAM18,8749,protein-coding,C0596263,Carcinogenesis,[disease],,,,,JAjqd54BZ4eu0iZeVd6W,0.2,0.12903225806451613,1.0,,3,2012,2017,DisGeNET
ADAM18,8749,protein-coding,C0021376,"Inflammation, chronic",[phenotype],,,,,lnEdep4BHkeZZb25PHei,0.2,0.12903225806451613,1.0,,2,2016,2017,DisGeNET
ADAM18,8749,protein-coding,C0006142,Malignant neoplasm of breast,[disease],,,,,OCJofJ4BZ4eu0iZeg-0Q,0.25,0.16129032258064516,0.8333333333333334,,6,2005,2024,DisGeNET
ADAM18,8749,protein-coding,C1321872,Metastatic Cutaneous Melanoma,[disease],,,,,ygC3dp4BZ4eu0iZeGOTu,0.4,0.25806451612903225,,,0,,,DisGeNET
ADAM2,2515,protein-coding,C0002395,Alzheimer's Disease,[disease],,,,,nXg5e54BHkeZZb25kkU-,0.3,0.1935483870967742,1.0,,8,1984,2010,DisGeNET
ADAM2,2515,protein-coding,C0004364,Autoimmune Diseases,[disease],,,,,W3q-e54BHkeZZb259zep,0.25,0.16129032258064516,1.0,,3,1987,1989,DisGeNET
ADAM2,2515,protein-coding,C0007097,Carcinoma,[disease],,,,,WfyJfJ4Bu8jCkiVmzFc6,0.2,0.12903225806451613,0.5,,2,2000,2001,DisGeNET
ADAM2,2515,protein-coding,C1527349,Ductal Breast Carcinoma,[disease],,,,,kwLrdp4BZ4eu0iZe2ybB,0.4,0.25806451612903225,,,0,,,DisGeNET
ADAM2,2515,protein-coding,C0018801,Heart failure,[disease],,,,,7nghe54BHkeZZb25pgAe,0.25,0.16129032258064516,1.0,,1,1998,1998,DisGeNET
ADAM2,2515,protein-coding,C2239176,Liver carcinoma,[disease],Not applicable,"1-9 / 100 000,1-5 / 10 000,1-9 / 100 000,1-9 / 100 000,1-9 / 100 000,1-9 / 100 000,1-9 / 100 000,1-5 / 10 000,1-9 / 100 000,1-9 / 100 000,1-5 / 10 000,1-5 / 10 000,1-5 / 10 000,1-5 / 10 000,6-9 / 10 000,1-5 / 10 000,1-9 / 100 000,1-9 / 100 000,1-9 / 100 000,1-9 / 100 000,1-9 / 100 000,1-9 / 100 000,1-9 / 100 000,1-9 / 100 000,1-9 / 100 000,1-9 / 100 000,1-9 / 100 000,1-9 / 100 000,1-9 / 100 000,1-9 / 1 000 000,1-9 / 100 000,1-9 / 100 000,1-9 / 100 000,1-9 / 100 000","United States,Europe,France,United Kingdom,Germany,Spain,Italy,Greece,Canada,Oceania,Latin America,China,Japan,Korea, Republic of,Mongolia,Africa,Europe,Austria,Belgium,Bulgaria,Croatia,Czech Republic,Estonia,Finland,Iceland,Ireland,Latvia,Lithuania,Norway,Poland,Portugal,Slovakia,Switzerland,Netherlands","Annual incidence,Point prevalence,Annual incidence,Annual incidence,Annual incidence,Annual incidence,Annual incidence,Annual incidence,Annual incidence,Annual incidence,Annual incidence,Annual incidence,Annual incidence,Annual incidence,Annual incidence,Annual incidence,Annual incidence,Annual incidence,Annual incidence,Annual incidence,Annual incidence,Annual incidence,Annual incidence,Annual incidence,Annual incidence,Annual incidence,Annual incidence,Annual incidence,Annual incidence,Annual incidence,Annual incidence,Annual incidence,Annual incidence,Annual incidence",-QCadp4BZ4eu0iZePAgd,0.2,0.12903225806451613,1.0,,2,2007,2007,DisGeNET
ADAM2,2515,protein-coding,C0006142,Malignant neoplasm of breast,[disease],,,,,SXmQe54BHkeZZb25vaD2,0.2,0.12903225806451613,0.5,,2,1999,2015,DisGeNET
ADAM2,2515,protein-coding,C0007137,Squamous cell carcinoma,[disease],,,,,eHl9e54BHkeZZb25xV-H,0.2,0.12903225806451613,1.0,,2,2003,2008,DisGeNET
ADAM2,2515,protein-coding,C0039730,Thalassemia,[disease],,,,,Hw_neJ4BZ4eu0iZe8UAF,0.2,0.12903225806451613,1.0,,2,1970,2019,DisGeNET
ADAM33,80332,protein-coding,C0002395,Alzheimer's Disease,[disease],,,,,BSDMe54BZ4eu0iZe5diH,0.35,0.2258064516129032,1.0,,13,2010,2025,DisGeNET
ADAM33,80332,protein-coding,C0004096,Asthma,[disease],,,,,1HhCe54BHkeZZb25NHtW,0.9,0.5806451612903226,0.8714285714285714,,140,2002,2026,DisGeNET
ADAM33,80332,protein-coding,C0085129,Bronchial Hyperreactivity,[disease],,,,,-8MleZ4Bu8jCkiVmfn4Z,0.75,0.48387096774193544,1.0,,14,2003,2012,DisGeNET
ADAM33,80332,protein-coding,C0024117,Chronic Obstructive Airway Disease,[disease],,,,,0RqHep4BZ4eu0iZetsUH,0.8,0.5161290322580645,0.9,,20,2007,2025,DisGeNET
ADAM33,80332,protein-coding,C1527349,Ductal Breast Carcinoma,[disease],,,,,nprcdp4Bu8jCkiVmNjw2,0.4,0.25806451612903225,,,0,,,DisGeNET
ADAM33,80332,protein-coding,C1458155,Mammary Neoplasms,[disease],,,,,s1PCdZ4BHkeZZb25r85B,0.5,0.3225806451612903,1.0,,2,2009,2018,DisGeNET
ADAM33,80332,protein-coding,C4255448,Metastasis,[phenotype],,,,,-lmedp4BHkeZZb25WJsT,0.3,0.1935483870967742,1.0,,10,2008,2025,DisGeNET
ADAM33,80332,protein-coding,C1321872,Metastatic Cutaneous Melanoma,[disease],,,,,yAC3dp4BZ4eu0iZeGOTu,0.4,0.25806451612903225,,,0,,,DisGeNET
ADAM33,80332,protein-coding,C1513183,Metastatic Lesion,[phenotype],,,,,rACydp4BZ4eu0iZeFt9O,0.3,0.1935483870967742,1.0,,10,2008,2025,DisGeNET
ADAM33,80332,protein-coding,C0035455,Rhinitis,[disease],,,,,rWnpeJ4BHkeZZb25WArm,0.55,0.3548387096774194,1.0,,3,2004,2026,DisGeNET
ADAM3A,1587,pseudo,C0019209,Hepatomegaly,[phenotype],,,,,ltUYep4Bu8jCkiVm0lUl,0.4,0.25806451612903225,1.0,,1,2017,2017,DisGeNET
ADAM3A,1587,pseudo,C0346359,Squamous cell carcinoma of conjunctiva,[disease],,,,,_AtReJ4BZ4eu0iZebU23,0.55,0.3548387096774194,1.0,,2,2014,2019,DisGeNET
ADAM3A,1587,pseudo,C3665419,gliomas intracranial,[disease],,,,,MFF6dZ4BHkeZZb25H3Xd,0.45,0.2903225806451613,1.0,,1,2011,2011,DisGeNET
ADAM7,8756,protein-coding,C0002395,Alzheimer's Disease,[disease],,,,,qSDMe54BZ4eu0iZe5dmI,0.25,0.16129032258064516,1.0,,7,2000,2025,DisGeNET
ADAM7,8756,protein-coding,C1321872,Metastatic Cutaneous Melanoma,[disease],,,,,ywC3dp4BZ4eu0iZeGOTu,0.4,0.25806451612903225,,,0,,,DisGeNET
ADAM8,101,protein-coding,C0004096,Asthma,[disease],,,,,VHcXe54BHkeZZb25pNWN,0.4,0.25806451612903225,1.0,,11,2006,2023,DisGeNET
ADAM8,101,protein-coding,C0678222,Breast Carcinoma,[disease],,,,,rWHQd54BHkeZZb25L-q1,0.25,0.16129032258064516,1.0,,6,2014,2023,DisGeNET
ADAM8,101,protein-coding,C4277682,Chemical and Drug Induced Liver Injury,[disease],,,,,JVrWdp4BHkeZZb25lucc,0.4,0.25806451612903225,1.0,,1,2014,2014,DisGeNET
ADAM8,101,protein-coding,C0021368,Inflammation,[phenotype],,,,,bxSmeZ4BZ4eu0iZeIJ2O,0.35,0.2258064516129032,1.0,,10,2003,2025,DisGeNET
ADAM8,101,protein-coding,C1513183,Metastatic Lesion,[phenotype],,,,,I1UAdp4BHkeZZb252k-U,0.25,0.16129032258064516,0.8888888888888888,,9,2004,2026,DisGeNET
ADAMTS12,81792,protein-coding,C0038454,Cerebrovascular accident,[disease],,,,,52eheJ4BHkeZZb25jz9G,0.65,0.41935483870967744,1.0,,3,2012,2022,DisGeNET
ADAMTS12,81792,protein-coding,C0036341,Schizophrenia,[disease],,,,,ERJPeZ4BZ4eu0iZeKgm5,0.5,0.3225806451612903,1.0,,1,2012,2012,DisGeNET
ADAMTS7,11173,protein-coding,C0003850,Arteriosclerosis,[disease],,,,,lnSVep4BHkeZZb25CeIv,0.35,0.2258064516129032,0.9166666666666666,,12,2013,2026,DisGeNET
ADAMTS7,11173,protein-coding,C0004153,Atherosclerosis,[disease],,,,,Bh-De54BZ4eu0iZendsR,0.4,0.25806451612903225,0.9285714285714286,,14,2013,2026,DisGeNET
ADAMTS7,11173,protein-coding,C0264694,Chronic ischemic heart disease,[disease],,,,,W3DveZ4BHkeZZb25GU5T,0.45,0.2903225806451613,1.0,,2,2011,2023,DisGeNET
ADAMTS7,11173,protein-coding,C0010054,Coronary Arteriosclerosis,[disease],,,,,Kn36fJ4BHkeZZb25Ah9A,0.9,0.5806451612903226,0.9090909090909091,,22,2011,2024,DisGeNET
ADAMTS7,11173,protein-coding,C1956346,Coronary Artery Disease,[disease],,,,,MofYdZ4Bu8jCkiVmrc_B,0.4,0.25806451612903225,0.9545454545454546,,22,2011,2024,DisGeNET
ADAMTS7,11173,protein-coding,C0010068,Coronary heart disease,[disease],,,,,MH1DfZ4BHkeZZb257D1M,0.65,0.41935483870967744,1.0,,5,2011,2021,DisGeNET
ADAMTS7,11173,protein-coding,C0151744,Myocardial Ischemia,[disease],,,,,1GRMeJ4BHkeZZb25_-or,0.45,0.2903225806451613,1.0,,2,2011,2023,DisGeNET
ADAMTS7,11173,protein-coding,C0032460,Polycystic Ovary Syndrome,[disease],,,,,mmkJeZ4BHkeZZb25i8wE,0.4,0.25806451612903225,1.0,,1,2011,2011,DisGeNET
ADAMTS9-AS1,101929335,ncRNA,C0005695,Bladder Neoplasm,[disease],,,,,Nxurep4BZ4eu0iZeRKdB,0.2,0.12903225806451613,1.0,,2,2020,2024,DisGeNET
ADAMTS9-AS1,101929335,ncRNA,C0699885,Carcinoma of bladder,[disease],,,,,D3xPfJ4BHkeZZb253WuR,0.2,0.12903225806451613,1.0,,2,2020,2024,DisGeNET
ADAMTS9-AS1,101929335,ncRNA,C0005684,Malignant neoplasm of urinary bladder,[disease],,,,,2iJWfJ4BZ4eu0iZeJ8Hw,0.2,0.12903225806451613,1.0,,2,2020,2024,DisGeNET
ADAMTS9-AS1,101929335,ncRNA,C0687120,Nephronophthisis,[disease],Autosomal recessive,1-9 / 100 000,Finland,Prevalence at birth,9Hfwep4BHkeZZb256RpI,0.4,0.25806451612903225,1.0,,1,2019,2019,DisGeNET
ADAMTS9-AS2,100507098,ncRNA,C0005695,Bladder Neoplasm,[disease],,,,,3xurep4BZ4eu0iZeRKZB,0.2,0.12903225806451613,1.0,,2,2020,2021,DisGeNET
ADAMTS9-AS2,100507098,ncRNA,C0009402,Colorectal Carcinoma,[disease],,,,,a-x5e54Bu8jCkiVmgMhK,0.2,0.12903225806451613,1.0,,2,2019,2023,DisGeNET
ADAMTS9-AS2,100507098,ncRNA,C0011884,Diabetic Retinopathy,[disease],,,,,1CQCfp4BZ4eu0iZeFGV8,0.4,0.25806451612903225,,,0,,,DisGeNET
ADAMTS9-AS2,100507098,ncRNA,C5848476,Malignant neoplasm of cecum and/or colon and/or rectum (disorder),[disease],,,,,w5N1dp4Bu8jCkiVmK0qo,0.2,0.12903225806451613,1.0,,2,2019,2023,DisGeNET
ADAMTS9-AS2,100507098,ncRNA,C0687120,Nephronophthisis,[disease],Autosomal recessive,1-9 / 100 000,Finland,Prevalence at birth,8Xfwep4BHkeZZb256RpI,0.4,0.25806451612903225,1.0,,1,2019,2019,DisGeNET
ADAMTS9-AS2,100507098,ncRNA,C0600139,Prostate carcinoma,[disease],,,,,CwoveJ4BZ4eu0iZezpFq,0.15,0.0967741935483871,1.0,,3,2021,2023,DisGeNET
ADAMTSL4,54507,protein-coding,C5563177,Autosomal recessive (see Miscellaneous),[phenotype],,,,,EaV0d54Bu8jCkiVm1SrX,0.25,0.16129032258064516,1.0,,2,2013,2025,DisGeNET
ADAMTSL4,54507,protein-coding,C0086543,Cataract,[disease],,,,,IRgzep4BZ4eu0iZexXyP,0.3,0.1935483870967742,1.0,,2,2022,2022,DisGeNET
ADAMTSL4,54507,protein-coding,C1271219,Congenital ectopic pupil,[disease],,,,,QaeNd54Bu8jCkiVmzh1-,0.2,0.12903225806451613,1.0,,1,2026,2026,DisGeNET
ADAMTSL4,54507,protein-coding,C0010278,Craniosynostosis,[disease],"Autosomal dominant,Autosomal recessive,Not applicable,Unknown,X-linked recessive","1-5 / 10 000,1-5 / 10 000,1-5 / 10 000","France,Australia,United States","Prevalence at birth,Prevalence at birth,Prevalence at birth",TQdmfZ4Bu8jCkiVmoCUR,0.5,0.3225806451612903,1.0,,3,2010,2020,DisGeNET
ADAMTSL4,54507,protein-coding,C1863678,Craniosynostosis with Ectopia Lentis,[disease],,,,,Z1KOdZ4BHkeZZb25xBiV,0.5,0.3225806451612903,1.0,,5,2010,2022,DisGeNET
ADAMTSL4,54507,protein-coding,C3541474,"ECTOPIA LENTIS 2, ISOLATED, AUTOSOMAL RECESSIVE",[disease],,,,,eVmmdp4BHkeZZb25KOtU,0.65,0.41935483870967744,1.0,Definitive,15,1990,2022,DisGeNET
ADAMTSL4,54507,protein-coding,C0013581,Ectopia Lentis,[disease],,,,,9xgxep4BZ4eu0iZeW2mS,0.8,0.5161290322580645,1.0,,21,2009,2025,DisGeNET
ADAMTSL4,54507,protein-coding,C1644196,Ectopia Lentis with Ectopia of Pupil,[disease],,,,,FPwGdp4BZ4eu0iZeFyf9,0.8,0.5161290322580645,1.0,Strong,13,1993,2022,DisGeNET
ADAMTSL4,54507,protein-coding,C1851286,Ectopia lentis isolated,[disease],"Autosomal dominant,Autosomal recessive",<1 / 1 000 000,Worldwide,Point prevalence,7YfXdZ4Bu8jCkiVmUbYs,0.7,0.4516129032258064,1.0,Supportive,6,2009,2023,DisGeNET
ADAMTSL4,54507,protein-coding,C0017601,Glaucoma,[disease],,,,,Gxg5ep4BZ4eu0iZeqZvU,0.25,0.16129032258064516,1.0,,2,2022,2024,DisGeNET
ADAMTSL4,54507,protein-coding,C1621958,Glioblastoma Multiforme,[disease],"Multigenic/multifactorial,Not applicable","1-9 / 100 000,1-9 / 100 000,1-9 / 100 000,1-9 / 100 000,1-9 / 100 000,1-9 / 100 000,1-9 / 100 000","Worldwide,Worldwide,Europe,United States,Croatia,Greece,Specific population","Annual incidence,Point prevalence,Annual incidence,Annual incidence,Annual incidence,Annual incidence,Annual incidence",YIfPdZ4Bu8jCkiVm4ipp,0.2,0.12903225806451613,1.0,,2,2019,2022,DisGeNET
ADAMTSL4,54507,protein-coding,C0023308,Lens Diseases,[disease],,,,,EBJUeZ4BZ4eu0iZeaWK2,0.2,0.12903225806451613,1.0,,2,2015,2022,DisGeNET
ADAMTSL4,54507,protein-coding,C0027092,Myopia,[disease],,,,,-26leZ4BHkeZZb25rz08,0.2,0.12903225806451613,1.0,,2,2018,2025,DisGeNET
ADAMTSL5,339366,protein-coding,C0162872,"Aortic Aneurysm, Thoracic",[disease],,,,,vbu4eJ4Bu8jCkiVmrbW0,0.15,0.0967741935483871,1.0,,1,2021,2021,DisGeNET
ADAMTSL5,339366,protein-coding,C1527349,Ductal Breast Carcinoma,[disease],,,,,6ALrdp4BZ4eu0iZe2ybB,0.4,0.25806451612903225,,,0,,,DisGeNET
ADAMTSL5,339366,protein-coding,C0033860,Psoriasis,[disease],,,,,em18eZ4BHkeZZb25dSAF,0.3,0.1935483870967742,1.0,,3,2015,2024,DisGeNET
ADAP2,55803,protein-coding,C0006142,Malignant neoplasm of breast,[disease],,,,,lvT4e54Bu8jCkiVmtjfy,0.15,0.0967741935483871,1.0,,2,2023,2023,DisGeNET
ADAP2,55803,protein-coding,C0027830,neurofibroma,[disease],,,,,O9tpep4Bu8jCkiVmUw-y,0.2,0.12903225806451613,1.0,,2,2001,2009,DisGeNET
ADAT1,23536,protein-coding,C0376358,Malignant neoplasm of prostate,[disease],,,,,wF9xd54BHkeZZb25XmQC,0.4,0.25806451612903225,1.0,,7,2002,2022,DisGeNET
ADCK2,90956,protein-coding,C0162670,Mitochondrial Myopathies,[disease],,,,,nw22eJ4BZ4eu0iZee98B,0.3,0.1935483870967742,1.0,,3,2019,2024,DisGeNET
ADCY4,196883,protein-coding,C0678222,Breast Carcinoma,[disease],,,,,JgtUeJ4BZ4eu0iZeNVFG,0.2,0.12903225806451613,1.0,,3,2019,2025,DisGeNET
ADCY4,196883,protein-coding,C0006142,Malignant neoplasm of breast,[disease],,,,,QOtre54Bu8jCkiVmVPyJ,0.2,0.12903225806451613,1.0,,3,2019,2025,DisGeNET
ADGRB1,575,protein-coding,C0278878,Adult Glioblastoma,[disease],,,,,bhOGeZ4BZ4eu0iZeCZj0,0.45,0.2903225806451613,1.0,,1,2003,2003,DisGeNET
ADGRB1,575,protein-coding,C0006118,Brain Neoplasms,[disease],,,,,jucme54Bu8jCkiVmo-4D,0.25,0.16129032258064516,1.0,,3,2004,2022,DisGeNET
ADGRB1,575,protein-coding,C0017636,Glioblastoma,[disease],,,,,DXNUep4BHkeZZb25ahhJ,0.65,0.41935483870967744,1.0,,6,1997,2021,DisGeNET
ADGRB1,575,protein-coding,C1621958,Glioblastoma Multiforme,[disease],"Multigenic/multifactorial,Not applicable","1-9 / 100 000,1-9 / 100 000,1-9 / 100 000,1-9 / 100 000,1-9 / 100 000,1-9 / 100 000,1-9 / 100 000","Worldwide,Worldwide,Europe,United States,Croatia,Greece,Specific population","Annual incidence,Point prevalence,Annual incidence,Annual incidence,Annual incidence,Annual incidence,Annual incidence",0ofPdZ4Bu8jCkiVm4itq,0.2,0.12903225806451613,1.0,,5,1997,2021,DisGeNET
ADGRB1,575,protein-coding,C0022116,Ischemia,[phenotype],,,,,_nSBep4BHkeZZb258Fbf,0.25,0.16129032258064516,0.5,,2,2001,2004,DisGeNET
ADGRB1,575,protein-coding,C0025149,Medulloblastoma,[disease],Not applicable,"1-9 / 1 000 000,1-9 / 100 000,1-9 / 1 000 000","Europe,Europe,United States","Annual incidence,Point prevalence,Annual incidence",aNL7eZ4Bu8jCkiVmdfnS,0.25,0.16129032258064516,1.0,,3,2018,2020,DisGeNET
ADGRB1,575,protein-coding,C1513183,Metastatic Lesion,[phenotype],,,,,XJJvdp4Bu8jCkiVmn9Fa,0.2,0.12903225806451613,1.0,,3,1998,2020,DisGeNET
ADGRB1,575,protein-coding,C0524528,Pervasive Development Disorder,[disease],,,,,2F9nd54BHkeZZb25BAtZ,0.25,0.16129032258064516,1.0,,2,2022,2025,DisGeNET
ADGRB1,575,protein-coding,C1514422,Primary Glioblastoma,[disease],,,,,_Fqrdp4BHkeZZb25ugDR,0.45,0.2903225806451613,1.0,,1,2003,2003,DisGeNET
ADGRB1,575,protein-coding,C0036341,Schizophrenia,[disease],,,,,jcQveZ4Bu8jCkiVm5FBi,0.25,0.16129032258064516,1.0,,2,2023,2024,DisGeNET
ADGRB1,575,protein-coding,C0036572,Seizures,[phenotype],,,,,CmxYeZ4BHkeZZb252CJb,0.25,0.16129032258064516,1.0,,2,2022,2025,DisGeNET
ADGRE1,2015,protein-coding,C0003850,Arteriosclerosis,[disease],,,,,8XSVep4BHkeZZb25CeMv,0.25,0.16129032258064516,1.0,,2,1990,2011,DisGeNET
ADGRE1,2015,protein-coding,C0004153,Atherosclerosis,[disease],,,,,kh-De54BZ4eu0iZendwR,0.25,0.16129032258064516,1.0,,2,1990,2011,DisGeNET
ADGRE1,2015,protein-coding,C0266929,Chronic Periodontitis,[disease],,,,,YNtqep4Bu8jCkiVmASpo,0.2,0.12903225806451613,0.6666666666666666,,3,2003,2014,DisGeNET
ADGRE1,2015,protein-coding,C0009319,Colitis,[disease],,,,,d-cfe54Bu8jCkiVmQJHO,0.25,0.16129032258064516,1.0,,2,2014,2024,DisGeNET
ADGRE1,2015,protein-coding,C0699790,Colon Carcinoma,[disease],,,,,kegwe54Bu8jCkiVmSG1F,0.2,0.12903225806451613,1.0,,3,2021,2024,DisGeNET
ADGRE1,2015,protein-coding,C0009402,Colorectal Carcinoma,[disease],,,,,UyDUe54BZ4eu0iZeBtyD,0.25,0.16129032258064516,1.0,,2,2022,2024,DisGeNET
ADGRE1,2015,protein-coding,C0011860,"Diabetes Mellitus, Non-Insulin-Dependent",[disease],,,,,On38fJ4BHkeZZb25hSKH,0.25,0.16129032258064516,1.0,,1,2019,2019,DisGeNET
ADGRE1,2015,protein-coding,C0021368,Inflammation,[phenotype],,,,,Am61eZ4BHkeZZb25nZ2k,0.35,0.2258064516129032,1.0,,2,2011,2017,DisGeNET
ADGRE1,2015,protein-coding,C0021390,Inflammatory Bowel Diseases,[disease],,,,,iBhBep4BZ4eu0iZeFuDD,0.25,0.16129032258064516,1.0,,2,2021,2022,DisGeNET
ADGRE1,2015,protein-coding,C0021655,Insulin Resistance,[phenotype],,,,,NxlXep4BZ4eu0iZei5Sz,0.35,0.2258064516129032,1.0,,2,2014,2017,DisGeNET
ADGRE1,2015,protein-coding,C5848476,Malignant neoplasm of cecum and/or colon and/or rectum (disorder),[disease],,,,,HFmWdp4BHkeZZb25ICxp,0.25,0.16129032258064516,1.0,,2,2022,2024,DisGeNET
ADGRE1,2015,protein-coding,C0007102,Malignant tumor of colon,[disease],,,,,ayPGfJ4BZ4eu0iZez3N4,0.2,0.12903225806451613,1.0,,3,2021,2024,DisGeNET
ADGRE1,2015,protein-coding,C0028754,Obesity,[disease],,,,,ZcEHeZ4Bu8jCkiVmPY_f,0.25,0.16129032258064516,0.0,,1,2007,2007,DisGeNET
ADGRE2,30817,protein-coding,C0023467,"Leukemia, Myelocytic, Acute",[disease],,"1-9 / 100 000,1-5 / 10 000,1-9 / 100 000,1-5 / 10 000,1-9 / 100 000,1-9 / 100 000,1-9 / 100 000","Worldwide,Europe,Europe,Europe,France,Denmark,United States","Annual incidence,Point prevalence,Annual incidence,Lifetime Prevalence,Annual incidence,Annual incidence,Annual incidence",kG61eZ4BHkeZZb25_qRp,0.25,0.16129032258064516,1.0,,2,2023,2024,DisGeNET
ADGRE2,30817,protein-coding,C0157743,Vibratory Urticaria,[disease],Autosomal dominant,<1 / 1 000 000,Worldwide,Point prevalence,u2RDeJ4BHkeZZb25v7nI,0.8,0.5161290322580645,1.0,,3,1981,2020,DisGeNET
ADGRE2,30817,protein-coding,C0473546,Vibratory angioedema,[disease],,,,,Q196d54BHkeZZb25rpYG,0.45,0.2903225806451613,1.0,Supportive,5,2016,2021,DisGeNET
ADGRG4,139378,protein-coding,C1510586,Autism Spectrum Disorders,[disease],,,,,DVTPdZ4BHkeZZb25Zxw5,0.4,0.25806451612903225,,Limited,0,,,DisGeNET
BRCA1,672,protein-coding,C0005695,Bladder Neoplasm,[disease],,,,,8hzLep4BZ4eu0iZeV3hW,0.75,0.48387096774193544,1.0,,9,2007,2022,DisGeNET
BRCA1,672,protein-coding,C0346153,"Breast Cancer, Familial",[disease],"Autosomal dominant,Multigenic/multifactorial",,,,mws_eJ4BZ4eu0iZecwbU,1.0,0.6451612903225806,0.944206008583691,,699,1989,2026,DisGeNET
BRCA1,672,protein-coding,C0678222,Breast Carcinoma,[disease],,,,,pm2TeZ4BHkeZZb257q7T,0.9,0.5806451612903226,0.885672082717873,,3385,1993,2026,DisGeNET
BRCA1,672,protein-coding,C0007097,Carcinoma,[disease],,,,,tCOofJ4BZ4eu0iZev1zV,0.75,0.48387096774193544,0.8870967741935484,,62,1996,2026,DisGeNET
BRCA1,672,protein-coding,C4721610,"Carcinoma, Ovarian Epithelial",[disease],,,,,QFdKdp4BHkeZZb253F33,1.1,0.7096774193548387,0.8961038961038961,,231,1994,2026,DisGeNET
BRCA1,672,protein-coding,C0699790,Colon Carcinoma,[disease],,,,,P3hhe54BHkeZZb25mNPO,0.7,0.4516129032258064,0.9615384615384616,,26,1997,2022,DisGeNET
BRCA1,672,protein-coding,C0476089,Endometrial Carcinoma,[disease],,,,,v6ikd54Bu8jCkiVmCIlb,0.7,0.4516129032258064,0.8604651162790697,,43,1997,2026,DisGeNET
BRCA1,672,protein-coding,C4554406,"FANCONI ANEMIA, COMPLEMENTATION GROUP S",[disease],,,,,X1X0dZ4BHkeZZb25XQjD,0.8,0.5161290322580645,1.0,Definitive,238,1989,2022,DisGeNET
BRCA1,672,protein-coding,C1333600,Familial Malignant Neoplasm,[disease],,,,,GwLedp4BZ4eu0iZeXQfF,0.7,0.4516129032258064,0.9318181818181818,,44,1997,2026,DisGeNET
BRCA1,672,protein-coding,C0015625,Fanconi Anemia,[disease],"Autosomal recessive,X-linked recessive","1-9 / 100 000,1-9 / 1 000 000,1-9 / 1 000 000,1-9 / 100 000,1-9 / 100 000,1-9 / 100 000,1-9 / 1 000 000","Specific population,Europe,Europe,Israel,Specific population,Specific population,China","Point prevalence,Point prevalence,Prevalence at birth,Prevalence at birth,Point prevalence,Point prevalence,Point prevalence",Nd-tep4Bu8jCkiVmG-bw,0.9,0.5806451612903226,0.9464285714285714,Supportive,112,2001,2025,DisGeNET
BRCA1,672,protein-coding,C3469521,"Fanconi Anemia, Complementation Group A",[disease],,,,,y5BOdp4Bu8jCkiVmx2MM,0.75,0.48387096774193544,0.9387755102040817,,98,2001,2025,DisGeNET
BRCA1,672,protein-coding,C0677776,Hereditary Breast and Ovarian Cancer Syndrome,[disease],Autosomal dominant,,,,OKmsd54Bu8jCkiVmqh3c,1.25,0.8064516129032258,0.9930693069306931,Supportive,2020,1975,2026,DisGeNET
BRCA1,672,protein-coding,C0006142,Malignant neoplasm of breast,[disease],,,,,fiIqfJ4BZ4eu0iZeTTWY,1.0,0.6451612903225806,0.8906164757228587,,3666,1993,2026,DisGeNET
BRCA1,672,protein-coding,C0242379,Malignant neoplasm of lung,[disease],,,,,IWkHeZ4BHkeZZb25L8iX,0.7,0.4516129032258064,0.92,,25,2004,2023,DisGeNET
BRCA1,672,protein-coding,C1140680,Malignant neoplasm of ovary,[disease],,,,,hlrVdp4BHkeZZb25V-P3,1.05,0.6774193548387097,0.9110105580693816,,1326,1993,2026,DisGeNET
BRCA1,672,protein-coding,C0346647,Malignant neoplasm of pancreas,[disease],,,,,0mZzeJ4BHkeZZb25IgPh,0.9,0.5806451612903226,0.8962962962962963,,135,1997,2026,DisGeNET
BRCA1,672,protein-coding,C0376358,Malignant neoplasm of prostate,[disease],,,,,iwjod54BZ4eu0iZes9pl,1.1,0.7096774193548387,0.8914027149321267,,221,1995,2026,DisGeNET
BRCA1,672,protein-coding,C0024623,Malignant neoplasm of stomach,[disease],,,,,VxbreZ4BZ4eu0iZeW0wH,0.85,0.5483870967741935,0.9375,,48,1998,2026,DisGeNET
BRCA1,672,protein-coding,C0007102,Malignant tumor of colon,[disease],,,,,TP_FfJ4Bu8jCkiVmEYzA,0.8,0.5161290322580645,0.9375,,16,1994,2022,DisGeNET
BRCA1,672,protein-coding,C1458155,Mammary Neoplasms,[disease],,,,,KIbCdZ4Bu8jCkiVmVgtd,1.0,0.6451612903225806,0.8937728937728938,,273,1980,2024,DisGeNET
BRCA1,672,protein-coding,C0027672,"Neoplastic Syndromes, Hereditary",[disease],,,,,bhcFep4BZ4eu0iZeaDCh,0.85,0.5483870967741935,0.998840579710145,,1725,1962,2025,DisGeNET
BRCA1,672,protein-coding,C0007131,Non-Small Cell Lung Carcinoma,[disease],,,,,Yng8e54BHkeZZb25Hkg8,0.8,0.5161290322580645,0.9322033898305084,,59,2004,2026,DisGeNET
BRCA1,672,protein-coding,C0030297,Pancreatic Neoplasm,[disease],,,,,S9QUep4Bu8jCkiVmFd9i,0.8,0.5161290322580645,1.0,,3,2015,2020,DisGeNET
BRCA1,672,protein-coding,C0235974,Pancreatic carcinoma,[disease],,,,,n2VWeJ4BHkeZZb25MxTb,0.85,0.5483870967741935,0.8931297709923665,,131,1997,2026,DisGeNET
BRCA1,672,protein-coding,C2931038,"Pancreatic carcinoma, familial",[disease],"Autosomal dominant,Multigenic/multifactorial",,,,_VdWdp4BHkeZZb251MjL,0.85,0.5483870967741935,0.9545454545454546,,22,2007,2026,DisGeNET
BRCA1,672,protein-coding,C2931456,"Prostate cancer, familial",[disease],Not applicable,1-9 / 100 000,United States,Annual incidence,dP-Gdp4BZ4eu0iZeV43v,0.75,0.48387096774193544,0.6666666666666666,,12,1999,2022,DisGeNET
BRCA1,672,protein-coding,C0033578,Prostatic Neoplasms,[disease],,,,,gsdeeZ4Bu8jCkiVm18A8,0.8,0.5161290322580645,1.0,,8,2001,2025,DisGeNET
BRCA1,672,protein-coding,C0279626,Squamous cell carcinoma of esophagus,[disease],"Multigenic/multifactorial,Not applicable","1-9 / 100 000,1-9 / 100 000,1-9 / 100 000,1-9 / 100 000,1-9 / 100 000,1-9 / 100 000,1-9 / 1 000 000,1-9 / 100 000,1-9 / 100 000,1-9 / 100 000,1-9 / 100 000,1-9 / 100 000,1-9 / 100 000,1-9 / 100 000,1-9 / 100 000,1-9 / 100 000,1-9 / 100 000,1-9 / 100 000,1-9 / 100 000,1-9 / 100 000,1-9 / 100 000,1-9 / 100 000,1-9 / 100 000,1-9 / 100 000,1-9 / 100 000,1-9 / 100 000,1-9 / 100 000,1-9 / 100 000","Europe,Europe,Europe,Worldwide,Austria,Belgium,Bulgaria,Croatia,Czech Republic,Estonia,Finland,France,Germany,Iceland,Ireland,Italy,Latvia,Lithuania,Malta,Norway,Poland,Portugal,Slovakia,Slovenia,Spain,Switzerland,Netherlands,United Kingdom","Annual incidence,Point prevalence,Lifetime Prevalence,Annual incidence,Annual incidence,Annual incidence,Annual incidence,Annual incidence,Annual incidence,Annual incidence,Annual incidence,Annual incidence,Annual incidence,Annual incidence,Annual incidence,Annual incidence,Annual incidence,Annual incidence,Annual incidence,Annual incidence,Annual incidence,Annual incidence,Annual incidence,Annual incidence,Annual incidence,Annual incidence,Annual incidence,Annual incidence",onEYep4BHkeZZb25GUiq,0.8,0.5161290322580645,1.0,,13,1994,2024,DisGeNET
BRCA1,672,protein-coding,C3539878,Triple Negative Breast Neoplasms,[disease],,,,,agCudp4BZ4eu0iZeZLr4,0.95,0.6129032258064515,0.9318681318681319,,455,2008,2026,DisGeNET
BRCA1,672,protein-coding,C0919267,ovarian neoplasm,[disease],,,,,lQaMd54BZ4eu0iZe4n6t,1.05,0.6774193548387097,0.84375,,64,1994,2023,DisGeNET
